clues,nombre_unidad,institucion,id_estado,id_municipio,id_localidad,id_jurisdiccion,id_institucion
CSIMO000030,LAS GOLONDRINAS,IMO,07,001,0012,00,1
CSSSA000016,NUEVA REFORMA,SSA,07,001,0062,07,1
CSSSA000021,FLOR DEL CARMEN,SSA,07,001,0113,07,1
CSSSA000033,LAS BRISAS,SSA,07,001,0131,07,1
CSSSA000045,DR  MANUEL VELASCO SUAREZ,SSA,07,002,0001,01,1
CSSSA000050,VILLA DE ACALA,SSA,07,002,0001,01,1
CSSSA000062,CRUZ CHIQUITA,SSA,07,002,0074,01,1
CSSSA000074,LUIS ECHEVERRIA ALVAREZ,SSA,07,002,0087,01,1
CSSSA000086,CENTRO DE SALUD ACAPETAHUA,SSA,07,003,0001,07,1
CSSSA000091,BARRA DE ZACAPULCO,SSA,07,003,0006,07,1
CSSSA000103,EJIDO LAS MURALLAS,SSA,07,003,0061,07,1
CSSSA000120,UNIDAD MEDICA MOVIL ACUATICA (LA LUPE),SSA,07,003,0140,07,1
CSSSA000132,SAN JOSE AGUAJAL,SSA,07,003,0142,07,1
CSSSA000144,RIO NEGRO,SSA,07,003,0194,07,1
CSSSA000156,FRANCISCO VILLA,SSA,07,003,0430,07,1
CSSSA000161,LA GRANDEZA,SSA,07,004,0019,09,1
CSSSA000173,BIENES COMUNALES LA LAGUNA,SSA,07,004,0032,09,1
CSSSA000185,SANTA CECILIA EL PEDREGAL,SSA,07,004,0072,09,1
CSSSA000190,NUEVA GALILEA,SSA,07,004,0181,09,1
CSSSA000202,MORELIA,SSA,07,004,0225,09,1
CSSSA000214,SAN MIGUEL CHIPTIC,SSA,07,004,0289,09,1
CSSSA000226,COL  ADOLFO LOPEZ MATEOS,SSA,07,005,0002,05,1
CSSSA000231,FRANCISCO I  MADERO,SSA,07,005,0040,05,1
CSSSA000243,GUADALUPE VICTORIA,SSA,07,005,0041,05,1
CSSSA000255,EL LIMON,SSA,07,005,0047,05,1
CSSSA000260,ESQUIPULAS,SSA,07,005,0033,05,1
CSSSA000272,EL NARANJO 2A  SECCION,SSA,07,005,0061,05,1
CSSSA000284,REFORMA Y PLANADA,SSA,07,005,0075,05,1
CSSSA000296,SAN LORENZO,SSA,07,005,0098,05,1
CSSSA000301,AGUACATILLO,SSA,07,006,0002,10,1
CSSSA000313,CHIQUISBIL,SSA,07,006,0011,10,1
CSSSA000325,FRANCISCO I  MADERO,SSA,07,006,0013,10,1
CSSSA000330,NUEVA MORELIA (CONCEPCION MORELIA),SSA,07,006,0033,10,1
CSSSA000342,OJO DE AGUA LAS CRUCES,SSA,07,006,0037,10,1
CSSSA000354,PACAYAL FRONTERA,SSA,07,006,0038,10,1
CSSSA000366,POTRERILLO,SSA,07,006,0044,10,1
CSSSA000371,RIO GUERRERO,SSA,07,006,0050,10,1
CSSSA000383,20 DE NOVIEMBRE,SSA,07,006,0055,10,1
CSSSA000395,PALESTINA,SSA,07,006,0074,10,1
CSSSA000400,LA MERCED,SSA,07,007,0013,02,1
CSSSA000412,ANGEL ALBINO CORZO,SSA,07,008,0001,04,1
CSSSA000424,LIBERTAD EL PAJAL,SSA,07,008,0010,04,1
CSSSA000436,NUEVA INDEPENDENCIA,SSA,07,008,0015,04,1
CSSSA000441,SALVADOR URBINA,SSA,07,008,0025,04,1
CSSSA000453,I JUAREZ,SSA,07,009,0001,08,1
CSSSA000465,ARRIAGA,SSA,07,009,0001,08,1
CSSSA000470,LAS ARENAS,SSA,07,009,0008,08,1
CSSSA000482,LA AZTECA,SSA,07,009,0013,08,1
CSSSA000494,COL  5 DE FEBRERO (CALERA),SSA,07,009,0026,08,1
CSSSA000506,PESQUERIA LA GLORIA,SSA,07,009,0046,08,1
CSSSA000511,LAZARO CARDENAS,SSA,07,009,0053,08,1
CSSSA000523,PESQUERIA LA LINEA,SSA,07,009,0058,08,1
CSSSA000535,NICOLAS BRAVO,SSA,07,009,0079,08,1
CSSSA000540,EL FORTIN,SSA,07,069,0527,08,1
CSSSA000552,AGRICOLA 20 DE NOVIEMBRE ( LA MICA),SSA,07,009,0468,08,1
CSSSA000564,EL CERCADILLO,SSA,07,010,0004,10,1
CSSSA000576,OJO DE AGUA CENTRO,SSA,07,010,0019,10,1
CSSSA000581,BELLAVISTA,SSA,07,011,0001,10,1
CSSSA000593,CHEMIC,SSA,07,011,0003,10,1
CSSSA000605,LAS NUBES,SSA,07,011,0008,10,1
CSSSA000610,NUEVO PACAYAL,SSA,07,011,0011,10,1
CSSSA000622,SAN JOSE CHICHARRAS,SSA,07,011,0016,10,1
CSSSA000634,LAS CHICHARRAS,SSA,07,011,0019,10,1
CSSSA000646,OJO DE AGUA CARDENAS,SSA,07,011,0039,10,1
CSSSA000651,BERRIOZABAL,SSA,07,012,0001,01,1
CSSSA000663,EFRAIN A  GUTIERREZ,SSA,07,012,0038,01,1
CSSSA000675,IGNACIO ZARAGOZA,SSA,07,012,0053,01,1
CSSSA000680,SAN MARTIN,SSA,07,012,0148,01,1
CSSSA000692,CONGREGACION AMENDU,SSA,07,012,0276,01,1
CSSSA000704,TIERRA Y LIBERTAD,SSA,07,012,0277,01,1
CSSSA000716,SANTA CRUZ NIHO,SSA,07,013,0041,05,1
CSSSA000733,EMILIANO ZAPATA,SSA,07,013,0133,05,1
CSSSA000745,EL BOSQUE,SSA,07,014,0001,05,1
CSSSA000750,CHAVAJEVAL,SSA,07,014,0016,05,1
CSSSA000762,LAS DELICIAS,SSA,07,014,0080,05,1
CSSSA000774,CACAHOATAN,SSA,07,015,0001,07,1
CSSSA000786,MIXCUM,SSA,07,015,0027,07,1
CSSSA000791,PLAYAS DE CATAZAJA,SSA,07,016,0001,06,1
CSSSA000803,BOCA DEL RIO CHICO,SSA,07,016,0004,06,1
CSSSA000815,CASA DE SALUD LA TUZA,SSA,07,016,0027,06,1
CSSSA000820,C S  VILLA FRACCIONAMIENTO EL ROSARIO,SSA,07,016,0250,06,1
CSSSA000832,CINTALAPA DE FIGUEROA,SSA,07,017,0001,01,1
CSSSA000844,CINTALAPA,SSA,07,017,0001,01,1
CSSSA000856,LA FLORIDA,SSA,07,017,0050,01,1
CSSSA000861,FCO  I  MADERO,SSA,07,017,0051,01,1
CSSSA000873,LIC  GUSTAVO DIAZ ORDAZ,SSA,07,017,0001,01,1
CSSSA000885,CS  1 NUEVA TENOCHTITLAN,SSA,07,017,0081,01,1
CSSSA000890,POMPOSO CASTELLANOS,SSA,07,017,0095,01,1
CSSSA000902,ELOY BORRAS AGUILAR,SSA,07,017,0439,01,1
CSSSA000914,VISTAHERMOSA,SSA,07,017,0157,01,1
CSSSA000926,UNIDAD MODELO,SSA,07,017,0164,01,1
CSSSA000931,PIMIENTA BERLIN,SSA,07,017,0318,01,1
CSSSA000943,SAN MARCOS,SSA,07,017,0426,01,1
CSSSA000955,GUAMUCHIL,SSA,07,017,0449,01,1
CSSSA000960,BENITO JUAREZ II,SSA,07,017,0001,01,1
CSSSA000972,EMILIANO ZAPATA,SSA,07,017,0650,01,1
CSSSA000996,RIBERA LLANO GRANDE,SSA,07,018,0012,01,1
CSSSA001001,LIC  BUENAVISTA MATA SANOS,SSA,07,018,0013,01,1
CSSSA001013,JOSE MARIA MORELOS Y PAVON,SSA,07,018,0016,01,1
CSSSA001025,MORELIA,SSA,07,018,0038,01,1
