id_jurisdiccion,id_estado,descripcion,institucion
00,07,Delegación Estatal del IMSS,INSTITUTO MEXICANO DEL SEGURO SOCIALes
01,07,Tuxtla Gutiérrez,SECRETARIA DE SALUD
02,07,San Cristobal,SECRETARIA DE SALUD
03,07,Comitán,SECRETARIA DE SALUD
04,07,Villa Flores,SECRETARIA DE SALUD
05,07,REGION CENTRO,IMSS OPORTUNIDADES
06,07,Palenque,SECRETARIA DE SALUD
07,07,Tapachula,SECRETARIA DE SALUD
08,07,Tonalá,SECRETARIA DE SALUD
09,07,Ocosingo,SECRETARIA DE SALUD
10,07,Motozintla,SECRETARIA DE SALUD
