id_jurisdiccion,id_estado,descripcion,institucion
00,07,Delegación Estatal del IMSS,INSTITUTO MEXICANO DEL SEGURO SOCIAL
00,07,Delegación Estatal del ISSSTE,INSTITUTO DE SEGURIDAD Y SERVICIOS SOCIALES PARA LOS TRABAJADORES DEL ESTADO
00,07,Delegacion Estatal del IMSS Oportunidades,IMSS OPORTUNIDADES
01,07,Tuxtla Gutiérrez,SECRETARIA DE SALUD
01,07,REGION SOCONUSCO,IMSS OPORTUNIDADES
02,07,San Cristobal,SECRETARIA DE SALUD
02,07,REGION SIERRA,IMSS OPORTUNIDADES
03,07,Comitán,SECRETARIA DE SALUD
03,07,REGION FRONTERIZA,IMSS OPORTUNIDADES
04,07,Villa Flores,SECRETARIA DE SALUD
04,07,REGION ALTOS DE CHIAPAS,IMSS OPORTUNIDADES
05,07,Pichucalco,SECRETARIA DE SALUD
05,07,REGION CENTRO,IMSS OPORTUNIDADES
06,07,Palenque,SECRETARIA DE SALUD
06,07,REGION NORTE,IMSS OPORTUNIDADES
07,07,Tapachula,SECRETARIA DE SALUD
07,07,REGION SELVA,IMSS OPORTUNIDADES
08,07,Tonalá,SECRETARIA DE SALUD
09,07,Ocosingo,SECRETARIA DE SALUD
10,07,Motozintla,SECRETARIA DE SALUD
