id_localidad,id_estado,id_municipio,descripcion
0001,07,001,Acacoyagua
0001,07,002,Acala
0001,07,003,Acapetahua
0001,07,004,Altamirano
0001,07,005,Amatán
0001,07,006,Amatenango de la Frontera
0001,07,007,Amatenango del Valle
0001,07,008,Jaltenango de la Paz (Ángel Albino Corzo)
0001,07,009,Arriaga
0001,07,010,Bejucal de Ocampo
0001,07,011,Bella Vista
0001,07,012,Berriozábal
0001,07,013,Bochil
0001,07,014,El Bosque
0001,07,015,Cacahoatán
0001,07,016,Catazajá
0001,07,017,Cintalapa de Figueroa
0001,07,018,Coapilla
0001,07,019,Comitán de Domínguez
0001,07,020,La Concordia
0001,07,021,Copainalá
0001,07,022,Chalchihuitán
0001,07,023,Chamula
0001,07,024,Chanal
0001,07,025,Chapultenango
0001,07,026,Chenalhó
0001,07,027,Chiapa de Corzo
0001,07,028,Chiapilla
0001,07,029,Chicoasén
0001,07,030,Chicomuselo
0001,07,031,Chilón
0001,07,032,Escuintla
0001,07,034,Frontera Comalapa
0001,07,035,Frontera Hidalgo
0001,07,036,La Grandeza
0001,07,037,Huehuetán
0001,07,038,Huixtán
0001,07,039,Huitiupán
0001,07,040,Huixtla
0001,07,041,La Independencia
0001,07,042,Ixhuatán
0001,07,043,Ixtacomitán
0001,07,044,Ixtapa
0001,07,045,Ixtapangajoya
0001,07,046,Jiquipilas
0001,07,047,Jitotol
0001,07,048,Juárez
0001,07,049,Larráinzar
0001,07,050,La Libertad
0001,07,051,Mapastepec
0001,07,052,Las Margaritas
0001,07,053,Mazapa de Madero
0001,07,054,Mazatán
0001,07,055,Metapa de Domínguez
0001,07,056,Mitontic
0001,07,057,Motozintla de Mendoza
0001,07,058,Nicolás Ruíz
0001,07,059,Ocosingo
0001,07,060,Ocotepec
0001,07,061,Ocozocoautla de Espinosa
0001,07,062,Ostuacán
0001,07,063,Osumacinta
0001,07,064,Oxchuc
0001,07,065,Palenque
0001,07,066,Pantelhó
0001,07,067,Pantepec
0001,07,068,Pichucalco
0001,07,069,Pijijiapan
0001,07,070,El Porvenir de Velasco Suárez
0001,07,071,Villa Comaltitlán
0001,07,072,Pueblo Nuevo Solistahuacán
0001,07,073,Rayón
0001,07,074,Reforma
0001,07,075,Las Rosas
0001,07,076,Sabanilla
0001,07,077,Salto de Agua
0001,07,078,San Cristóbal de las Casas
0001,07,079,San Fernando
0001,07,080,Siltepec
0001,07,081,Simojovel de Allende
0001,07,082,Sitalá
0001,07,083,Socoltenango
0001,07,084,Solosuchiapa
0001,07,085,Soyaló
0001,07,086,Suchiapa
0001,07,087,Ciudad Hidalgo
0001,07,088,Sunuapa
0001,07,089,Tapachula de Córdova y Ordóñez
0001,07,090,Tapalapa
0001,07,091,Tapilula
0001,07,092,Tecpatán
0001,07,093,Tenejapa
0001,07,094,Teopisca
0001,07,096,Tila
0001,07,097,Tonalá
0001,07,098,Totolapa
0001,07,099,La Trinitaria
0001,07,100,Tumbalá
0001,07,101,Tuxtla Gutiérrez
0001,07,102,Tuxtla Chico
