id_municipio,id_estado,id_jurisdiccion,descripcion
001,07,07,Acacoyagua
002,07,01,Acala
003,07,07,Acapetahua
004,07,09,Altamirano
005,07,05,Amatán
006,07,10,Amatenango de la Frontera
007,07,02,Amatenango del Valle
008,07,04,Angel Albino Corzo
009,07,08,Arriaga
010,07,10,Bejucal de Ocampo
011,07,10,Bella Vista
012,07,01,Berriozábal
013,07,05,Bochil
014,07,05,El Bosque
015,07,07,Cacahoatán
016,07,06,Catazajá
017,07,01,Cintalapa
018,07,01,Coapilla
019,07,03,Comitán de Domínguez
020,07,04,La Concordia
021,07,01,Copainalá
022,07,02,Chalchihuitán
023,07,02,Chamula
024,07,02,Chanal
025,07,05,Chapultenango
026,07,02,Chenalhó
027,07,01,Chiapa de Corzo
028,07,01,Chiapilla
029,07,01,Chicoasén
030,07,03,Chicomuselo
031,07,09,Chilón
032,07,07,Escuintla
033,07,01,Francisco León
034,07,03,Frontera Comalapa
035,07,07,Frontera Hidalgo
036,07,10,La Grandeza
037,07,07,Huehuetán
038,07,02,Huixtán
039,07,05,Huitiupán
040,07,07,Huixtla
041,07,03,La Independencia
042,07,05,Ixhuatán
043,07,05,Ixtacomitán
044,07,01,Ixtapa
045,07,05,Ixtapangajoya
046,07,01,Jiquipilas
047,07,05,Jitotol
048,07,05,Juárez
049,07,02,Larráinzar
050,07,06,La Libertad
051,07,07,Mapastepec
052,07,03,Las Margaritas
053,07,10,Mazapa de Madero
054,07,07,Mazatán
055,07,07,Metapa
056,07,02,Mitontic
057,07,10,Motozintla
058,07,01,Nicolás Ruíz
059,07,09,Ocosingo
060,07,01,Ocotepec
061,07,01,Ocozocoautla de Espinosa
062,07,05,Ostuacán
063,07,01,Osumacinta
064,07,02,Oxchuc
065,07,06,Palenque
066,07,02,Pantelhó
067,07,05,Pantepec
068,07,05,Pichucalco
069,07,08,Pijijiapan
070,07,10,El Porvenir
071,07,07,Villa Comaltitlán
072,07,05,Pueblo Nuevo Solistahuacán
073,07,05,Rayón
074,07,05,Reforma
075,07,02,Las Rosas
076,07,06,Sabanilla
077,07,06,Salto de Agua
078,07,02,San Cristóbal de las Casas
079,07,01,San Fernando
080,07,10,Siltepec
081,07,05,Simojovel
082,07,09,Sitalá
083,07,03,Socoltenango
084,07,05,Solosuchiapa
085,07,01,Soyaló
086,07,01,Suchiapa
087,07,07,Suchiate
088,07,05,Sunuapa
089,07,07,Tapachula
090,07,05,Tapalapa
091,07,05,Tapilula
092,07,01,Tecpatán
093,07,02,Tenejapa
094,07,02,Teopisca
096,07,06,Tila
097,07,08,Tonalá
098,07,01,Totolapa
099,07,03,La Trinitaria
100,07,06,Tumbalá
101,07,01,Tuxtla Gutiérrez
